rewrite ^/our-work/architecture/key-projects/royal-mail-group-paddington$ https://www.redirecturl.com/projects permanent;
rewrite ^/our-work/the-brunel-barge/$ https://www.redirecturl.com/projects permanent;
rewrite ^/about-us/recruitment/$ https://www.redirecturl.com/careers permanent;
rewrite ^/get-in-touch/koln/$ https://www.redirecturl.com/contact permanent;
rewrite ^/get-in-touch/london/$ https://www.redirecturl.com/contact permanent;
rewrite ^/get-in-touch/riga/$ https://www.redirecturl.com/contact permanent;
rewrite ^/map/$ https://www.redirecturl.com/contact permanent;
rewrite ^/about-us/news/$ https://www.redirecturl.com/news-and-events permanent;
rewrite ^/about-us/news/2012/$ https://www.redirecturl.com/news-and-events permanent;
rewrite ^/about-us/press/$ https://www.redirecturl.com/news-and-events permanent;
rewrite ^/about-us/press/page/2/$ https://www.redirecturl.com/news-and-events permanent;
rewrite ^/about-us/press/page/3/$ https://www.redirecturl.com/news-and-events permanent;
rewrite ^/about-us/press/page/4/$ https://www.redirecturl.com/news-and-events permanent;
rewrite ^/about-us/press/page/5/$ https://www.redirecturl.com/news-and-events permanent;
rewrite ^/2017/12/20/10-fletcher-priest-highlights-from-2017/$ https://www.redirecturl.com/news-and-events/10-fletcher-priest-highlights-from-2017 permanent;
rewrite ^/2015/01/19/2-projects-shortlisted-for-bco-regional-award/$ https://www.redirecturl.com/news-and-events/2-projects-shortlisted-for-bco-regional-award permanent;
rewrite ^/2017/10/04/20-eastbourne-terrace-national-bco-awards-winner-for-refurbished-recycled-workplace-2017/$ https://www.redirecturl.com/news-and-events/20-eastbourne-terrace-national-bco-awards-winner-for permanent;
rewrite ^/2015/06/12/3-projects-shortlisted-for-nla-awards-2015/$ https://www.redirecturl.com/news-and-events/3-projects-shortlisted-for-nla-awards-2015 permanent;
rewrite ^/2017/08/31/4-fletcher-priest-projects-will-be-open-to-visitors-during-open-house-london-2017/$ https://www.redirecturl.com/news-and-events/4-fletcher-priest-projects-will-be-open-to-visitors permanent;
rewrite ^/2015/09/10/5-fletcher-priest-projects-featured-in-open-house-2015/$ https://www.redirecturl.com/news-and-events/5-fletcher-priest-projects-featured-in-open-house-2015 permanent;
rewrite ^/2014/02/11/50-victoria-embankment-fully-pre-let-to-hachette-uk/$ https://www.redirecturl.com/news-and-events/50-victoria-embankment-fully-pre-let-to-hachette-uk permanent;
rewrite ^/press/6-of-the-uks-most-stylish-cinemas/$ https://www.redirecturl.com/news-and-events/6-of-the-uks-most-stylish-cinemas permanent;
rewrite ^/2016/10/07/a-new-neighbourhood-for-newham-jonathan-kendall-at-london-build-2016/$ https://www.redirecturl.com/news-and-events/a-new-neighbourhood-for-newham--jonathan-kendall-at permanent;
rewrite ^/2017/08/01/an-olympic-legacy/$ https://www.redirecturl.com/news-and-events/an-olympic-legacy permanent;
rewrite ^/2018/05/09/angel-court-goes-stateside/$ https://www.redirecturl.com/news-and-events/angel-court-goes-stateside permanent;
rewrite ^/press/angel-court-tops-out/$ https://www.redirecturl.com/news-and-events/angel-court-reaches-new-heights-topping-out-marks permanent;
rewrite ^/2017/09/06/angel-court-shortlisted-for-the-aj-tall-building-of-the-year-award-2017/$ https://www.redirecturl.com/news-and-events/angel-court-shortlisted-for-the-aj-architecture-awards permanent;
rewrite ^/2017/12/08/angel-court-wins-aj-architecture-tall-building-of-the-year-award/$ https://www.redirecturl.com/news-and-events/angel-court-wins-aj-architecture-tall-building-of-the1 permanent;
rewrite ^/press/archello-how-its-made/$ https://www.redirecturl.com/news-and-events/archello-how-its-made permanent;
rewrite ^/2016/06/21/shortlisted-for-masterplanning-architect-of-the-year-awards/$ https://www.redirecturl.com/news-and-events/architect-of-the-year-awards-2016-shortlists-announced permanent;
rewrite ^/2018/04/27/are-you-on-instagram/$ https://www.redirecturl.com/news-and-events/are-you-on-instagram permanent;
rewrite ^/2017/07/27/axis-square-set-to-transform-central-birmingham/$ https://www.redirecturl.com/news-and-events/axis-square-set-to-transform-central-birmingham permanent;
rewrite ^/2017/12/13/bartlett-international-lectures/$ https://www.redirecturl.com/news-and-events/bartlett-international-lectures permanent;
rewrite ^/2017/09/11/bartlett-lecture-series-2017/$ https://www.redirecturl.com/news-and-events/bartlett-lecture-series-2017 permanent;
rewrite ^/2017/05/23/bco-conference-news/$ https://www.redirecturl.com/news-and-events/bco-conference-news permanent;
rewrite ^/2015/08/19/blueprint-award-shortlist-2015/$ https://www.redirecturl.com/news-and-events/blueprint-award-shortlist-2015 permanent;
rewrite ^/2017/10/12/cambridge-to-oxford-competition/$ https://www.redirecturl.com/news-and-events/cambridge-to-oxford-competition permanent;
rewrite ^/press/eurohypo-takes-over-city-office-project/$ https://www.redirecturl.com/news-and-events/cameron-i-will-bulldoze-sink-estates permanent;
rewrite ^/2015/06/12/carmelite-riverside-shortlisted-for-aj-retrofit-awards-2015/$ https://www.redirecturl.com/news-and-events/carmelite-riverside-shortlisted-for-aj-retrofit-awards permanent;
rewrite ^/2015/07/21/city-architecture-forum-tour-of-one-and-two-new-ludgate/$ https://www.redirecturl.com/news-and-events/city-architecture-forum-tour-of-one-and-two-new-ludgate permanent;
rewrite ^/2017/05/09/collaborative-practice-dialogues-between-architecture-and-engineering/$ https://www.redirecturl.com/news-and-events/collaborative-practice-dialogues-between-architecture permanent;
rewrite ^/press/eataly-signs-deal-to-bring-italian-food-market-to-uk/$ https://www.redirecturl.com/news-and-events/eataly-signs-deal-to-bring-italian-food-market-to-uk permanent;
rewrite ^/2018/06/06/estonians-on-tour/$ https://www.redirecturl.com/news-and-events/estonians-on-tour permanent;
rewrite ^/press/europes-most-beautiful-skyscrapers-at-the-2018-ctbuh-awards/$ https://www.redirecturl.com/news-and-events/europes-most-beautiful-skyscrapers-at-the-2018-ctbuh permanent;
rewrite ^/2015/04/22/fletcher-priest-co-sponsors-of-the-nla-public-london-exhibition/$ https://www.redirecturl.com/news-and-events/fletcher-priest-co-sponsors-of-the-nla-public-london permanent;
rewrite ^/2017/06/27/fletcher-priest-launches-a-new-interiors-book/$ https://www.redirecturl.com/news-and-events/fletcher-priest-launches-a-new-interiors-book permanent;
rewrite ^/2014/12/03/fletcher-priest-photography-competition-results/$ https://www.redirecturl.com/news-and-events/fletcher-priest-photography-competition-results permanent;
rewrite ^/2018/04/06/fletcher-priest-selected-for-london-mayors-architecture-and-urbanism-panel/$ https://www.redirecturl.com/news-and-events/fletcher-priest-retains-position-on-london-mayors permanent;
rewrite ^/2017/01/25/fletcher-priest-shortlisted-for-the-architect-of-the-year-awards-2017/$ https://www.redirecturl.com/news-and-events/fletcher-priest-shortlisted-for-the-architect-of-the permanent;
rewrite ^/2017/08/22/fletcher-priest-shortlisted-in-the-cambridge-to-oxford-ideas-competition/$ https://www.redirecturl.com/news-and-events/fletcher-priest-shortlisted-in-the-cambridge-to-oxford permanent;
rewrite ^/2017/07/14/fletcher-priest-staff-news/$ https://www.redirecturl.com/news-and-events/fletcher-priest-staff-news permanent;
rewrite ^/press/architects-journal-top-100-2011/$ https://www.redirecturl.com/news-and-events/fletcher-priest-wins-approval-for-major-piccadilly permanent;
rewrite ^/2014/05/20/fletcher-priest-wins-civic-trust-award-for-east-village-stratford-e20/$ https://www.redirecturl.com/news-and-events/fletcher-priest-wins-civic-trust-award-for-east-village permanent;
rewrite ^/press/fletcher-priest-wins-st-pauls-office-revamp/$ https://www.redirecturl.com/news-and-events/fletcher-priest-wins-st-pauls-office-revamp permanent;
rewrite ^/press/fletcher-priests-angel-court-scoops-tall-building-of-the-year/$ https://www.redirecturl.com/news-and-events/fletcher-priests-angel-court-scoops-tall-building permanent;
rewrite ^/2016/09/14/fletcher-priests-east-village-has-been-named-as-the-development-of-the-decade/$ https://www.redirecturl.com/news-and-events/fletcher-priests-east-village-has-been-named-as-the permanent;
rewrite ^/press/fletcher-priests-shoreditch-arches-plan-approved/$ https://www.redirecturl.com/news-and-events/fletcher-priests-shoreditch-arches-plan-approved permanent;
rewrite ^/2017/09/29/floating-the-brunel-building/$ https://www.redirecturl.com/news-and-events/floating-the-brunel-building permanent;
rewrite ^/2014/08/04/francesca-gernone-joins-fletcher-priest-as-a-new-partner-to-head-up-the-interior-design-department/$ https://www.redirecturl.com/news-and-events/francesca-gernone-joins-fletcher-priest-as-a-new-partner permanent;
rewrite ^/press/a-blueprint-for-british-housing-in-2028/$ https://www.redirecturl.com/news-and-events/imagine-this-in-two-years-riots-force-the-government permanent;
rewrite ^/2015/12/11/jonathan-kendall-appointed-as-built-environment-expert/$ https://www.redirecturl.com/news-and-events/jonathan-kendall-appointed-as-built-environment-expert permanent;
rewrite ^/2015/10/08/jonathan-kendall-discusses-housing-and-sustainable-urban-futures-at-kings-college-london/$ https://www.redirecturl.com/news-and-events/jonathan-kendall-discusses-housing-and-sustainable permanent;
rewrite ^/2015/10/08/jonathan-kendall-to-speak-at-leaf-international-2015/$ https://www.redirecturl.com/news-and-events/jonathan-kendall-to-speak-at-leaf-international-2015 permanent;
rewrite ^/2016/05/09/keith-priest-invited-to-speak-at-jonathan-tuckey-kings-cross-symposium/$ https://www.redirecturl.com/news-and-events/keith-priest-invited-to-speak-at-jonathan-tuckey-kings permanent;
rewrite ^/2017/12/18/lets-build-my-school/$ https://www.redirecturl.com/news-and-events/lets-build-my-school1 permanent;
rewrite ^/press/3757/$ https://www.redirecturl.com/news-and-events/library-bookend permanent;
rewrite ^/2016/05/12/london-stone-moves-to-museum-of-london/$ https://www.redirecturl.com/news-and-events/london-stone-moves-to-museum-of-london permanent;
rewrite ^/press/londons-new-dynamic-digital-canvas/$ https://www.redirecturl.com/news-and-events/londons-new-dynamic-digital-canvas permanent;
rewrite ^/2016/06/15/meadows-in-the-sky/$ https://www.redirecturl.com/news-and-events/meadows-in-the-sky permanent;
rewrite ^/press/inside-stratfords-mega-mall/$ https://www.redirecturl.com/news-and-events/new-images-for-3.5bn-silvertown-quays-unveiled permanent;
rewrite ^/2017/09/08/new-ludgate-receives-the-international-architecture-award-2017/$ https://www.redirecturl.com/news-and-events/new-ludgate-receives-the-international-architecture-award-2017 permanent;
rewrite ^/2015/11/27/nomuras-roof-garden-becomes-part-of-bbc-tvs-secret-history-of-british-gardens/$ https://www.redirecturl.com/news-and-events/nomuras-roof-garden-becomes-part-of-bbc-tvs-secret permanent;
rewrite ^/2016/04/28/one-angel-court-in-the-city-of-london-tops-out-today/$ https://www.redirecturl.com/news-and-events/one-angel-court-in-the-city-of-london-tops-out-today permanent;
rewrite ^/2016/06/01/one-new-ludgate-shortlisted-for-nla-award/$ https://www.redirecturl.com/news-and-events/one-new-ludgate-shortlisted-for-nla-award permanent;
rewrite ^/2016/05/05/one-new-ludgate-wins-rics-london-commercial-building-award-2016/$ https://www.redirecturl.com/news-and-events/one-new-ludgate-wins-rics-london-commercial-building permanent;
rewrite ^/2014/06/14/open-garden-squares-weekend-east-village/$ https://www.redirecturl.com/news-and-events/open-garden-squares-weekend---east-village permanent;
rewrite ^/2014/06/14/open-garden-squares-weekend-nomura-international-plc/$ https://www.redirecturl.com/news-and-events/open-garden-squares-weekend---nomura-international permanent;
rewrite ^/2017/08/14/phase-2-for-the-white-chapel-building/$ https://www.redirecturl.com/news-and-events/phase-2-for-the-white-chapel-building permanent;
rewrite ^/2018/04/18/photo-of-the-month/$ https://www.redirecturl.com/news-and-events/photo-of-the-month permanent;
rewrite ^/2015/12/21/piccadilly-circus-for-land-securities-gets-resolution-to-grant-planning-consent/$ https://www.redirecturl.com/news-and-events/piccadilly-circus-for-land-securities-gets-resolution permanent;
rewrite ^/press/piccadilly-circus-billboard-lights-switched-back-on-after-nine-month-upgrade/$ https://www.redirecturl.com/news-and-events/piccadilly-circus-lights-switched-back-on-after-renovations permanent;
rewrite ^/2017/10/26/piccadilly-lights-up/$ https://www.redirecturl.com/news-and-events/piccadilly-lights-up1 permanent;
rewrite ^/2017/09/01/planning-permission-granted-for-135-bishopsgate/$ https://www.redirecturl.com/news-and-events/planning-permission-granted-for-135-bishopsgate permanent;
rewrite ^/2014/09/16/planning-permission-received-for-fletcher-priests-buckingham-green/$ https://www.redirecturl.com/news-and-events/planning-permission-received-for-fletcher-priests permanent;
rewrite ^/press/fotografiskas-co-founder-on-the-institutions-london-and-new-york-plans/$ https://www.redirecturl.com/news-and-events/privately-owned-and-commercially-run-stockholms-fotografiska permanent;
rewrite ^/2018/06/11/ra-summer-show/$ https://www.redirecturl.com/news-and-events/ra-summer-exhibition permanent;
rewrite ^/press/sea-change/$ https://www.redirecturl.com/news-and-events/sea-change permanent;
rewrite ^/2015/09/25/silvertown-quays-shortlisted-for-mipim-uk-award/$ https://www.redirecturl.com/news-and-events/silvertown-quays-shortlisted-for-mipim-uk-award permanent;
rewrite ^/2015/04/22/silvertown-quays-wins-planning/$ https://www.redirecturl.com/news-and-events/silvertown-quays-wins-planning permanent;
rewrite ^/press/green-city-office-project-awarded-to-skanska/$ https://www.redirecturl.com/news-and-events/silvertown-shortlisted-as-a-shining-example1 permanent;
rewrite ^/2017/10/23/st-annes-college-oxfords-tim-gardam-building-opens/$ https://www.redirecturl.com/news-and-events/st-annes-college-oxfords-tim-gardam-building-opens1 permanent;
rewrite ^/press/british-land-in-city-tower-jv-with-canadian-partner/$ https://www.redirecturl.com/news-and-events/the-office-group-signs-pre-let-at-20-eastbourne-terrace permanent;
rewrite ^/2017/07/05/the-white-chapel-building-shortlisted-for-aj-retrofit-awards-2017/$ https://www.redirecturl.com/news-and-events/the-white-chapel-building-shortlisted-for-aj-retrofit permanent;
rewrite ^/press/transport-for-londons-kingsland-road-arches-brought-back-to-life-with-fletcher-priest-conversion/$ https://www.redirecturl.com/news-and-events/transport-for-londons-kingsland-road-arches-brought permanent;
rewrite ^/2014/10/13/carmelite-riverside-completes/$ https://www.redirecturl.com/news-and-events/we-have-transformed-this-listed-19th-century-building permanent;
rewrite ^/press/what-could-the-cambridge-to-oxford-corridor-look-like/$ https://www.redirecturl.com/news-and-events/what-could-the-cambridge-to-oxford-corridor-look-like permanent;
rewrite ^/2016/06/23/woodberry-down-and-east-village-london-shortlisted-for-resi-10-for-10-award/$ https://www.redirecturl.com/news-and-events/woodberry-down-and-east-village-london-shortlisted permanent;
rewrite ^/press/wsp-homes-in-on-no8-for-city-centre-office/$ https://www.redirecturl.com/news-and-events/wsp-homes-in-on-no8-for-city-centre-office permanent;
rewrite ^/people/$ https://www.redirecturl.comhttps://www.redirecturl.com/people permanent;
rewrite ^/people/antonia-infanger/$ https://www.redirecturl.com/people permanent;
rewrite ^/people/stephen-barton/$ https://www.redirecturl.com/people permanent;
rewrite ^/people/dewi-jones/$ https://www.redirecturl.com/people/dewijones permanent;
rewrite ^/people/dipa-joshi/$ https://www.redirecturl.com/people/dipi-joshi permanent;
rewrite ^/people/ed-williams/$ https://www.redirecturl.com/people/ed-williams permanent;
rewrite ^/people/emily-rae/$ https://www.redirecturl.com/people/emily-rae permanent;
rewrite ^/people/francesca-gernone/$ https://www.redirecturl.com/people/francesca-gernone permanent;
rewrite ^/people/gerry-whale/$ https://www.redirecturl.com/people/gerry-whale permanent;
rewrite ^/people/jonathan-kendall/$ https://www.redirecturl.com/people/jonathan-kendall permanent;
rewrite ^/people/jonathan-hodge/$ https://www.redirecturl.com/people/jonathanhodge permanent;
rewrite ^/people/joseph-sweeney/$ https://www.redirecturl.com/people/josephsweeney permanent;
rewrite ^/people/keith-priest/$ https://www.redirecturl.com/people/keith-priest permanent;
rewrite ^/people/luke-ritson/$ https://www.redirecturl.com/people/lukeritson permanent;
rewrite ^/people/marco-montariello/$ https://www.redirecturl.com/people/marco-montariello permanent;
rewrite ^/people/mareike-langkitsch/$ https://www.redirecturl.com/people/mareikelangkitsch permanent;
rewrite ^/people/pero-maticevic/$ https://www.redirecturl.com/people/pero-maticevic permanent;
rewrite ^/people/sam-craig/$ https://www.redirecturl.com/people/samcraig permanent;
rewrite ^/people/sarah-brown/$ https://www.redirecturl.com/people/sarah permanent;
rewrite ^/people/nicholas-worley/$ https://www.redirecturl.com/people/since-joining-fletcher-priest-in-2011-nicholas-has permanent;
rewrite ^/people/stina-hokby/$ https://www.redirecturl.com/people/stinahokby permanent;
rewrite ^/people/tim-fyles/$ https://www.redirecturl.com/people/tim-fyles permanent;
rewrite ^/people/tom-salmons/$ https://www.redirecturl.com/people/tomsalmons permanent;
rewrite ^/about-us/$ https://www.redirecturl.com/practice permanent;
rewrite ^/about-us/practice/$ https://www.redirecturl.com/practice permanent;
rewrite ^/about-us/awards/$ https://www.redirecturl.com/practice/awards permanent;
rewrite ^/awards/conservation-retrofit-award/$ https://www.redirecturl.com/practice/awards permanent;
rewrite ^/about-us/fpa-trust/$ https://www.redirecturl.com/practice/community permanent;
rewrite ^/press/tiaa-cref-receives-planning-approval-for-one-angel-court-redevelopment/$ https://www.redirecturl.com/press/tiaa-cref-receives-planning-approval-for-one-angel-court-redevelopment/ permanent;
rewrite ^/2009/01/01/safe-as-houses/$ https://www.redirecturl.com/projects permanent;
rewrite ^/2010/01/01/cinema-architecture/$ https://www.redirecturl.com/projects permanent;
rewrite ^/2010/01/01/cinema-paradise/$ https://www.redirecturl.com/projects permanent;
rewrite ^/2010/01/01/digital-hinterlands-exhibition/$ https://www.redirecturl.com/projects permanent;
rewrite ^/2010/01/01/multiple-design-awards/$ https://www.redirecturl.com/projects permanent;
rewrite ^/2011/01/01/bccl-conference/$ https://www.redirecturl.com/projects permanent;
rewrite ^/2011/01/01/bdonline-photography-competition/$ https://www.redirecturl.com/projects permanent;
rewrite ^/2011/01/01/riga-masterplan-approval/$ https://www.redirecturl.com/projects permanent;
rewrite ^/2012/01/01/riga-passenger-terminal-competition/$ https://www.redirecturl.com/projects permanent;
rewrite ^/2013/11/19/riba-awards-shortlisting/$ https://www.redirecturl.com/projects permanent;
rewrite ^/2014/06/28/london-festival-of-architecture/$ https://www.redirecturl.com/projects permanent;
rewrite ^/2015/05/21/new-ludgate-launches/$ https://www.redirecturl.com/projects permanent;
rewrite ^/2016/09/09/designing-with-st-annes/$ https://www.redirecturl.com/projects permanent;
rewrite ^/2016/09/15/bartlett-lecture-series-2016/$ https://www.redirecturl.com/projects permanent;
rewrite ^/our-work/devonshire-square-2/$ https://www.redirecturl.com/projects permanent;
rewrite ^/people/anne-schroeder/$ https://www.redirecturl.com/projects permanent;
rewrite ^/our-work/project-list/list/$ https://www.redirecturl.com/projects/ permanent;
rewrite ^/our-work/project-list/thumbnails/$ https://www.redirecturl.com/projects/ permanent;
rewrite ^/our-work/architecture/10-20-30-eastbourne-terrace$ https://www.redirecturl.com/projects/10-20-30-eastbourne-terrace permanent;
rewrite ^/our-work/interiors/key-projects/100-liverpool-street/$ https://www.redirecturl.com/projects/100-liverpool-street permanent;
rewrite ^/our-work/architecture/111-cannon-street/$ https://www.redirecturl.com/projects/111-cannon-street permanent;
rewrite ^/our-work/interiors/12-york-gate/$ https://www.redirecturl.com/projects/12-york-gate permanent;
rewrite ^/our-work/135-bishopsgate/$ https://www.redirecturl.com/projects/135-bishopsgate permanent;
rewrite ^/our-work/160-aldersgate/$ https://www.redirecturl.com/projects/160-aldergate permanent;
rewrite ^/our-work/urban-design/key-projects/athletes-village/$ https://www.redirecturl.com/projects/2012-athletes-village-east-village permanent;
rewrite ^/our-work/45-cannon-street/$ https://www.redirecturl.com/projects/45-cannon-st permanent;
rewrite ^/our-work/interiors/key-projects/50-new-bond-street/$ https://www.redirecturl.com/projects/50-new-bond-street permanent;
rewrite ^/our-work/architecture/key-projects/55-gresham-street$ https://www.redirecturl.com/projects/55-gresham-street permanent;
rewrite ^/our-work/architecture/key-projects/6-bevis-marks$ https://www.redirecturl.com/projects/6-bevis-marks permanent;
rewrite ^/our-work/urban-design/key-projects/first-street-manchester/$ https://www.redirecturl.com/projects/8-first-street permanent;
rewrite ^/our-work/architecture/key-projects/angel-court$ https://www.redirecturl.com/projects/angel-court permanent;
rewrite ^/our-work/interiors/key-projects/angel-court-bar-lounge/$ https://www.redirecturl.com/projects/angel-court-bar-lounge permanent;
rewrite ^/our-work/axis-square/$ https://www.redirecturl.com/projects/axis-square permanent;
rewrite ^/our-work/research/key-projects/bco-conference-chicago-2015/$ https://www.redirecturl.com/projects/bco-conference-chicago-2015 permanent;
rewrite ^/our-work/urban-design/bishopgate-broadgate/$ https://www.redirecturl.com/projects/bishopgate--broadgate permanent;
rewrite ^/our-work/architecture/key-projects/brunel-building$ https://www.redirecturl.com/projects/brunel-building permanent;
rewrite ^/our-work/urban-design/key-projects/rue-de-la-loi-brussels/$ https://www.redirecturl.com/projects/brussels-european-district permanent;
rewrite ^/our-work/architecture/key-projects/buckingham-green$ https://www.redirecturl.com/projects/buckingham-green-residential-interiors permanent;
rewrite ^/our-work/interiors/key-projects/buckingham-green-residential-interiors/$ https://www.redirecturl.com/projects/buckingham-green-residential-interiors permanent;
rewrite ^/our-work/cambridge-to-oxford-link/$ https://www.redirecturl.com/projects/cambridge-oxford permanent;
rewrite ^/our-work/architecture/key-projects/cannon-avent$ https://www.redirecturl.com/projects/cannon-avent permanent;
rewrite ^/our-work/architecture/key-projects/carmelite-riverside$ https://www.redirecturl.com/projects/carmelite-riverside permanent;
rewrite ^/our-work/interiors/key-projects/chatham-house/$ https://www.redirecturl.com/projects/chatham-house permanent;
rewrite ^/our-work/interiors/che/$ https://www.redirecturl.com/projects/che permanent;
rewrite ^/our-work/architecture/chelsea-club/$ https://www.redirecturl.com/projects/chelsea-club permanent;
rewrite ^/our-work/interiors/chelsea-club/$ https://www.redirecturl.com/projects/chelsea-club-is-the-health-club-and-spa-that-forms permanent;
rewrite ^/our-work/research/key-projects/chichen-itza-lodge-museum/$ https://www.redirecturl.com/projects/chichen-itza-lodge-museum permanent;
rewrite ^/our-work/architecture/cringle-dock-battersea/$ https://www.redirecturl.com/projects/cringle-dock-battersea permanent;
rewrite ^/our-work/interiors/key-projects/devonshire-square/$ https://www.redirecturl.com/projects/devonshire-square permanent;
rewrite ^/our-work/dixon-house/$ https://www.redirecturl.com/projects/dixon-house permanent;
rewrite ^/our-work/doughty-street-chambers/$ https://www.redirecturl.com/projects/doughty-street permanent;
rewrite ^/our-work/architecture/key-projects/finsbury-circus-house$ https://www.redirecturl.com/projects/finsbury-circus-house permanent;
rewrite ^/our-work/research/key-projects/futureworks/$ https://www.redirecturl.com/projects/futureworks permanent;
rewrite ^/our-work/architecture/key-projects/golf-clubhouse-surrey/$ https://www.redirecturl.com/projects/golf-clubhouse-surrey permanent;
rewrite ^/our-work/interiors/key-projects/graduate-centre/$ https://www.redirecturl.com/projects/graduate-centre-university-of-oxford permanent;
rewrite ^/our-work/interiors/key-projects/hackney-picturehouse/$ https://www.redirecturl.com/projects/hackney-picturehouse permanent;
rewrite ^/our-work/architecture/peoplebuilding/$ https://www.redirecturl.com/projects/hemel-hempstead-uk permanent;
rewrite ^/our-work/architecture/ibm-software-laboratories/$ https://www.redirecturl.com/projects/ibm-software-laboratories permanent;
rewrite ^/our-work/architecture/key-projects/k1-knightsbridge-estate$ https://www.redirecturl.com/projects/knightsbridge_estate permanent;
rewrite ^/our-work/architecture/key-projects/dashwood$ https://www.redirecturl.com/projects/landsec permanent;
rewrite ^/our-work/interiors/key-projects/lend-lease-hanover-square/$ https://www.redirecturl.com/projects/lend-lease-hanover-square permanent;
rewrite ^/our-work/interiors/key-projects/london-communications-agency/$ https://www.redirecturl.com/projects/london-communications-agency permanent;
rewrite ^/our-work/interiors/key-projects/long-and-waterson/$ https://www.redirecturl.com/projects/long-and-waterson permanent;
rewrite ^/our-work/interiors/key-projects/mai-galleries/$ https://www.redirecturl.com/projects/mall-galleries permanent;
rewrite ^/our-work/architecture/key-projects/new-ludgate$ https://www.redirecturl.com/projects/new-ludgate permanent;
rewrite ^/our-work/urban-design/key-projects/new-urban-centre-riga/$ https://www.redirecturl.com/projects/new-urban-centre-riga permanent;
rewrite ^/our-work/architecture/key-projects/1-angel-lane$ https://www.redirecturl.com/projects/nomura-1-angel-lane permanent;
rewrite ^/our-work/interiors/key-projects/nomura/$ https://www.redirecturl.com/projects/nomura-1-angel-lane-workplace permanent;
rewrite ^/our-work/northwood/$ https://www.redirecturl.com/projects/northwood permanent;
rewrite ^/our-work/piccadilly-circus-one-sherwood-street/$ https://www.redirecturl.com/projects/one-sherwood-street permanent;
rewrite ^/our-work/one-wood-street/$ https://www.redirecturl.com/projects/one-wood-street permanent;
rewrite ^/our-work/architecture/key-projects/piccadilly-circus-lights$ https://www.redirecturl.com/projects/piccadilly-lights permanent;
rewrite ^/our-work/architecture/key-projects/pinewood$ https://www.redirecturl.com/projects/pinewood permanent;
rewrite ^/our-work/architecture/renzo-piano-building-workshops-central-st-giles/$ https://www.redirecturl.com/projects/renzo-pianos-central-st-giles permanent;
rewrite ^/our-work/architecture/rio-tinto-headquarters/$ https://www.redirecturl.com/projects/rio-tinto-headquarters permanent;
rewrite ^/our-work/interiors/science-museum-3d-imax/$ https://www.redirecturl.com/projects/science-museum---3d-imax permanent;
rewrite ^/our-work/interiors/key-projects/screen-cinemas/$ https://www.redirecturl.com/projects/screen-cinemas permanent;
rewrite ^/our-work/architecture/seven-dials/$ https://www.redirecturl.com/projects/seven-dials- permanent;
rewrite ^/our-work/urban-design/key-projects/silvertown/$ https://www.redirecturl.com/projects/silvertown permanent;
rewrite ^/our-work/interiors/sony-computer-entertainment-europe/$ https://www.redirecturl.com/projects/sony-computer-entertainment-europe permanent;
rewrite ^/our-work/architecture/key-projects/st-annes-college$ https://www.redirecturl.com/projects/st-annes-college permanent;
rewrite ^/our-work/urban-design/key-projects/oxford-north/$ https://www.redirecturl.com/projects/st-johns-college permanent;
rewrite ^our-work/urban-design/key-projects/stratford-city-masterplan-athletes-village/$ https://www.redirecturl.com/projects/stratford-city permanent;
rewrite ^/our-work/interiors/key-projects/the-shipowners-club/$ https://www.redirecturl.com/projects/the_shipowners_club permanent;
rewrite ^/our-work/the-clubhouse-bank/$ https://www.redirecturl.com/projects/the-clubhouse-bank permanent;
rewrite ^/our-work/interiors/key-projects/the-white-chapel-building/$ https://www.redirecturl.com/projects/the-white-chapel-building permanent;
rewrite ^/our-work/architecture/key-projects/toronto-high-rise$ https://www.redirecturl.com/projects/toronto-high-rise permanent;
rewrite ^/our-work/architecture/key-projects/tower-42$ https://www.redirecturl.com/projects/tower-42 permanent;
rewrite ^/our-work/interiors/key-projects/tyneside-cinema/$ https://www.redirecturl.com/projects/tyneside-cinema-interior permanent;
rewrite ^/our-work/the-arches-project/$ https://www.redirecturl.com/projects/underneath-the-arches permanent;
rewrite ^/our-work/underneath-the-arches/$ https://www.redirecturl.com/projects/underneath-the-arches permanent;
rewrite ^/our-work/interiors/key-projects/vallance-road/$ https://www.redirecturl.com/projects/vallance-road permanent;
rewrite ^/our-work/architecture/key-projects/vodafone-headquarters$ https://www.redirecturl.com/projects/vodafone-headquarters-workplace permanent;
rewrite ^/our-work/interiors/key-projects/vodafone-hq/$ https://www.redirecturl.com/projects/vodafone-headquarters-workplace permanent;
rewrite ^/our-work/urban-design/key-projects/waterbeach/$ https://www.redirecturl.com/projects/waterbeach-cambridge permanent;
rewrite ^/our-work/wood-lane-arches/$ https://www.redirecturl.com/projects/wood-lane-arches permanent;
rewrite ^/our-work/urban-design/key-projects/woodberry/$ https://www.redirecturl.com/projects/woodberry-down permanent;
rewrite ^/workcat/architecture/$ https://www.redirecturl.com/services/architecture permanent;
rewrite ^/our-work/interiors/key-projects/ares/$ https://www.redirecturl.com/services/interior-design permanent;
rewrite ^/workcat/interiors/$ https://www.redirecturl.com/services/interior-design permanent;
rewrite ^/workcat/urban-design/$ https://www.redirecturl.com/services/urban-design permanent;
rewrite ^/press/land-securities-pushes-on-with-huge-construction-programme/$ https://www.redirecturl.com/news-and-events permanent;
rewrite ^/press/green-light-for-fletcher-priests-city-tower-overhaul/$ https://www.redirecturl.com/news-and-events permanent;
rewrite ^/2017/08/31/4-fletcher-priest-projects-will-be-open-to-visitors-during-open-house-london-2017/$ https://www.redirecturl.com/news-and-events permanent;
rewrite ^/press/3607/$ https://www.redirecturl.com/news-and-events permanent;
rewrite ^/press/3609/$ https://www.redirecturl.com/news-and-events permanent;
rewrite ^/press/3697/$ https://www.redirecturl.com/news-and-events permanent;
rewrite ^/press/45-cannon-street/$ https://www.redirecturl.com/news-and-events permanent;
rewrite ^/press/6-first-street/$ https://www.redirecturl.com/news-and-events permanent;
rewrite ^/press/aj-100-fletcher-priest-architects/$ https://www.redirecturl.com/news-and-events permanent;
rewrite ^/press/aj-100-fpa-profile-2013/$ https://www.redirecturl.com/news-and-events permanent;
rewrite ^/press/an-interior-investment/$ https://www.redirecturl.com/news-and-events permanent;
rewrite ^/press/angel-court-2/$ https://www.redirecturl.com/news-and-events permanent;
rewrite ^/press/angel-court/$ https://www.redirecturl.com/news-and-events permanent;
rewrite ^/press/architects-eye-winners-announced/$ https://www.redirecturl.com/news-and-events permanent;
rewrite ^/press/architects-journal-top-100-2011/$ https://www.redirecturl.com/news-and-events permanent;
rewrite ^/press/architecture-people-and-places/$ https://www.redirecturl.com/news-and-events permanent;
rewrite ^/press/armchair-cinema-screens-in-hackney/$ https://www.redirecturl.com/news-and-events permanent;
rewrite ^/press/benoy-joins-silvertown-quays-team/$ https://www.redirecturl.com/news-and-events permanent;
rewrite ^/press/bevis-marks-topping-out-ceremony/$ https://www.redirecturl.com/news-and-events permanent;
rewrite ^/press/buy-into-conservation-hotspots/$ https://www.redirecturl.com/news-and-events permanent;
rewrite ^/press/carmelite-riverside-in-archello/$ https://www.redirecturl.com/news-and-events permanent;
rewrite ^/press/carmelite-riverside-on-architizer/$ https://www.redirecturl.com/news-and-events permanent;
rewrite ^/press/carmelite-riverside-tops-out/$ https://www.redirecturl.com/news-and-events permanent;
rewrite ^/press/carmelite-riverside/$ https://www.redirecturl.com/news-and-events permanent;
rewrite ^/press/case-study-new-ludgate/$ https://www.redirecturl.com/news-and-events permanent;
rewrite ^/press/cine-files-tyneside-cinema-newcastle/$ https://www.redirecturl.com/news-and-events permanent;
rewrite ^/press/east-village-london-the-masterplanners-account/$ https://www.redirecturl.com/news-and-events permanent;
rewrite ^/press/eastbourne-terrace-london-w2/$ https://www.redirecturl.com/news-and-events permanent;
rewrite ^/press/eastside-story-westfield-stratford-city/$ https://www.redirecturl.com/news-and-events permanent;
rewrite ^/press/expansion-approved-for-piccadilly-circus/$ https://www.redirecturl.com/news-and-events permanent;
rewrite ^/press/feel-good-design/$ https://www.redirecturl.com/news-and-events permanent;
rewrite ^/press/five-fantastic-facades/$ https://www.redirecturl.com/news-and-events permanent;
rewrite ^/press/fletcher-priest-completes-carmelite-riverside-revamp/$ https://www.redirecturl.com/news-and-events permanent;
rewrite ^/press/fletcher-priest-completes-hackney-cinema/$ https://www.redirecturl.com/news-and-events permanent;
rewrite ^/press/fletcher-priest-unlocks-piccadilly-nights/$ https://www.redirecturl.com/news-and-events permanent;
rewrite ^/press/fort-albert-shortlist/$ https://www.redirecturl.com/news-and-events permanent;
rewrite ^/press/green-heart-for-the-city/$ https://www.redirecturl.com/news-and-events permanent;
rewrite ^/press/hackney-cinema-given-green-light/$ https://www.redirecturl.com/news-and-events permanent;
rewrite ^/press/hackney-picturehouse-2/$ https://www.redirecturl.com/news-and-events permanent;
rewrite ^/press/hackney-picturehouse-3/$ https://www.redirecturl.com/news-and-events permanent;
rewrite ^/press/hackney-picturehouse-opens/$ https://www.redirecturl.com/news-and-events permanent;
rewrite ^/press/hackney-picturehouse-reclamation/$ https://www.redirecturl.com/news-and-events permanent;
rewrite ^/press/hackney-picturehouse/$ https://www.redirecturl.com/news-and-events permanent;
rewrite ^/press/inside-the-hackney-picturehouse/$ https://www.redirecturl.com/news-and-events permanent;
rewrite ^/press/keeping-the-athletes-village-green/$ https://www.redirecturl.com/news-and-events permanent;
rewrite ^/press/land-sec-to-develop-ludgate/$ https://www.redirecturl.com/news-and-events permanent;
rewrite ^/press/landmark-london-tower-tops-out/$ https://www.redirecturl.com/news-and-events permanent;
rewrite ^/press/large-development-east-village/$ https://www.redirecturl.com/news-and-events permanent;
rewrite ^/press/leaf-awards-2014-6-bevis-marks/$ https://www.redirecturl.com/news-and-events permanent;
rewrite ^/press/manchester-6-first-street/$ https://www.redirecturl.com/news-and-events permanent;
rewrite ^/press/michael-fassbender-visits-the-hackney-picturehouse/$ https://www.redirecturl.com/news-and-events permanent;
rewrite ^/press/new-ludgate-building-in-london/$ https://www.redirecturl.com/news-and-events permanent;
rewrite ^/press/new-ludgate-in-architecture-today/$ https://www.redirecturl.com/news-and-events permanent;
rewrite ^/press/new-ludgate-in-london/$ https://www.redirecturl.com/news-and-events permanent;
rewrite ^/press/new-ludgate-project-description/$ https://www.redirecturl.com/news-and-events permanent;
rewrite ^/press/new-ludgate/$ https://www.redirecturl.com/news-and-events permanent;
rewrite ^/press/new-tenants-for-angel-court/$ https://www.redirecturl.com/news-and-events permanent;
rewrite ^/press/olympian-heights/$ https://www.redirecturl.com/news-and-events permanent;
rewrite ^/press/olympic-feat/$ https://www.redirecturl.com/news-and-events permanent;
rewrite ^/press/olympic-neighbourhood-revealed/$ https://www.redirecturl.com/news-and-events permanent;
rewrite ^/press/olympic-village-reaches-home-straight/$ https://www.redirecturl.com/news-and-events permanent;
rewrite ^/press/Olympic+neighbourhood+revealed$ https://www.redirecturl.com/news-and-events permanent;
rewrite ^/press/one-angel-lane-in-london/$ https://www.redirecturl.com/news-and-events permanent;
rewrite ^/press/only-194-days-to-go/$ https://www.redirecturl.com/news-and-events permanent;
rewrite ^/press/open-house-london-2016/$ https://www.redirecturl.com/news-and-events permanent;
rewrite ^/press/oxfords-big-name-commissions/$ https://www.redirecturl.com/news-and-events permanent;
rewrite ^/press/passing-the-torch/$ https://www.redirecturl.com/news-and-events permanent;
rewrite ^/press/piccadilly-circus-project/$ https://www.redirecturl.com/news-and-events permanent;
rewrite ^/press/picturehouse-cinema-to-open-in-hackney/$ https://www.redirecturl.com/news-and-events permanent;
rewrite ^/press/pinewood-studios/$ https://www.redirecturl.com/news-and-events permanent;
rewrite ^/press/plans-for-silvertown-quays-submitted/$ https://www.redirecturl.com/news-and-events permanent;
rewrite ^/press/post-office-wins-paddington-approval/$ https://www.redirecturl.com/news-and-events permanent;
rewrite ^/press/ribaj-page-of-consents/$ https://www.redirecturl.com/news-and-events permanent;
rewrite ^/press/shortlisted-oxford-cambridge-ideas-revealed/$ https://www.redirecturl.com/news-and-events permanent;
rewrite ^/press/silvertown-approval/$ https://www.redirecturl.com/news-and-events permanent;
rewrite ^/press/silvertown-gains-consent/$ https://www.redirecturl.com/news-and-events permanent;
rewrite ^/press/silvertown-gains-consent/$ https://www.redirecturl.com/news-and-events permanent;
rewrite ^/press/silvertown-quays-plans-unveiled/$ https://www.redirecturl.com/news-and-events permanent;
rewrite ^/press/silvertown-regeneration-given-green-light/$ https://www.redirecturl.com/news-and-events permanent;
rewrite ^/press/silvertown-set-for-regeneration/$ https://www.redirecturl.com/news-and-events permanent;
rewrite ^/press/square-mile-high/$ https://www.redirecturl.com/news-and-events permanent;
rewrite ^/press/stockmarketwire/$ https://www.redirecturl.com/news-and-events permanent;
rewrite ^/press/the-listing-lottery/$ https://www.redirecturl.com/news-and-events permanent;
rewrite ^/press/the-london-stone/$ https://www.redirecturl.com/news-and-events permanent;
rewrite ^/press/the-tate-modern-of-cinemas/$ https://www.redirecturl.com/news-and-events permanent;
rewrite ^/press/this-stone-saves-london/$ https://www.redirecturl.com/news-and-events permanent;
rewrite ^/press/village-life/$ https://www.redirecturl.com/news-and-events permanent;
rewrite ^/press/woodberry-down-masterplan/$ https://www.redirecturl.com/news-and-events permanent;
rewrite ^/press/woodberry-down/$ https://www.redirecturl.com/news-and-events permanent;
rewrite ^/workcat/research/$ https://www.redirecturl.com/news-and-events permanent;